-- Quests
INSERT INTO quest_details (identifier, quest_type, difficulty, completion, caps_reward, fame_reward, image_url) VALUES
    ('quest.1', 'COMBAT', 2, 4, 50, 20, 'https://storage.googleapis.com/withergate-images/quests/quest01.png'),
    ('quest.2', 'INTELLECT', 8, 2, 40, 25, 'https://storage.googleapis.com/withergate-images/quests/quest02.png'),
    ('quest.3', 'CRAFTSMANSHIP', 7, 3, 30, 30, 'https://storage.googleapis.com/withergate-images/quests/quest03.png'),
    ('quest.4', 'COMBAT', 4, 2, 30, 30, 'https://storage.googleapis.com/withergate-images/quests/quest04.png'),
    ('quest.5', 'COMBAT', 4, 2, 30, 30, 'https://storage.googleapis.com/withergate-images/quests/quest05.png'),
    ('quest.6', 'COMBAT', 3, 3, 50, 20, 'https://storage.googleapis.com/withergate-images/quests/quest06.png'),
    ('quest.7', 'COMBAT', 3, 3, 40, 25, 'https://storage.googleapis.com/withergate-images/quests/quest07.png'),
    ('quest.8', 'SCAVENGE', 7, 3, 40, 25, 'https://storage.googleapis.com/withergate-images/quests/quest08.png'),
    ('quest.9', 'CRAFTSMANSHIP', 7, 3, 30, 30, 'https://storage.googleapis.com/withergate-images/quests/quest09.png'),
    ('quest.10', 'CRAFTSMANSHIP', 8, 2, 40, 25, 'https://storage.googleapis.com/withergate-images/quests/quest10.png'),
    ('quest.11', 'INTELLECT', 7, 3, 50, 20, 'https://storage.googleapis.com/withergate-images/quests/quest11.png'),
    ('quest.12', 'SCAVENGE', 7, 3, 40, 25, 'https://storage.googleapis.com/withergate-images/quests/quest12.png'),
    ('quest.13', 'COMBAT', 4, 2, 40, 25, 'https://storage.googleapis.com/withergate-images/quests/quest13.png'),
    ('quest.14', 'INTELLECT', 7, 3, 40, 25, 'https://storage.googleapis.com/withergate-images/quests/quest14.png');

INSERT INTO localized_texts(quest_name, lang, text) VALUES
    ('quest.1', 'en', 'Deratization'),
    ('quest.1', 'cs', 'Deratizace'),
    ('quest.2', 'en', 'Encrypted message'),
    ('quest.2', 'cs', 'Zašifrovaná zpráva'),
    ('quest.3', 'en', 'Water purifier renovation'),
    ('quest.3', 'cs', 'Oprava čističky vody'),
    ('quest.4', 'en', 'Wolf den'),
    ('quest.4', 'cs', 'Vlčí doupě'),
    ('quest.5', 'en', 'Scoundrels'),
    ('quest.5', 'cs', 'Grázlové'),
    ('quest.6', 'en', 'Debt collector'),
    ('quest.6', 'cs', 'Vymahač'),
    ('quest.7', 'en', 'Initiates'),
    ('quest.7', 'cs', 'Zasvěcenci'),
    ('quest.8', 'en', 'Deposit'),
    ('quest.8', 'cs', 'Naleziště'),
    ('quest.9', 'en', 'Oppenheimer'),
    ('quest.9', 'cs', 'Oppenheimer'),
    ('quest.10', 'en', 'Ich brauch’ Benzin!'),
    ('quest.10', 'cs', 'Ich brauch’ Benzin!'),
    ('quest.11', 'en', 'Return of the prodigal son'),
    ('quest.11', 'cs', 'Návrat ztraceného syna'),
    ('quest.12', 'en', 'They said I’m crazy...'),
    ('quest.12', 'cs', 'Říkali, že jsem šílený...'),
    ('quest.13', 'en', 'No need for killing...'),
    ('quest.13', 'cs', 'Netřeba zabíjet...'),
    ('quest.14', 'en', 'What nobody knows?'),
    ('quest.14', 'cs', 'Co nikdo nezná?');

INSERT INTO localized_texts(quest_description, lang, text) VALUES
    ('quest.1', 'en', 'There is a rat infestation in the sewers under the tavern. Get rid of those mutated bastards and reward will be yours! This action will trigger a combat.'),
    ('quest.1', 'cs', 'Ve sklepení pod hospodou se usídlily zmutované krysy. Zbav se jich a odměna tě nemine. Tato akce vyústí v souboj.'),
    ('quest.2', 'en', 'Hey, pst! I found this encrypted message from one of my colleages, who passed away long time ago. Help me with the decryption and I will pay you. The success of this action is affected by the character`s intellect.'),
    ('quest.2', 'cs', 'Hej, ty! Můžeš mi pomoct? Našel jsem zápisky od svého zesnulého kolegy. Text je ale zašifrovaný. Když mi ho pomůžeš rozluštit, tak ti zaplatím. Úspěch této akce závisí na intelektu postavy.'),
    ('quest.3', 'en', 'Our water purifier broke down and we are running out of clean water. Help us with the renovation and we will spread the fame of your clan! The success of this action is affected by the character`s craftsmanship.'),
    ('quest.3', 'cs', 'Naše čistička vod se rozbila a nám dochází voda. Když nám ji pomůžeš opravit, tak budeme šířit slávu tvého klanu! Úspěch této akce závisí na zručnosti postavy.'),
    ('quest.4', 'en', 'There is a wolf den in the forest. Those bloody beasts are killing our sheep! Get rid of them for us and we will never forget your courage. This action will trigger a combat'),
    ('quest.4', 'cs', 'V lese je doupě vlků. Ty krvežíznivé potvory nám zabíjí naše ovce. Když je zabiješ, tak nikdy nezapomeneme na tvou odvahu. Tato akce vyústí v souboj.'),
    ('quest.5', 'en', 'Withergate announced a reward for killing a few brigands nearby. This action will trigger a combat.'),
    ('quest.5', 'cs', 'Na několika místech poblíž Withergate opruzuje několik hrdlořezů. Město na ně vypsalo odměnu. Tato akce vyústí v souboj.'),
    ('quest.6', 'en', 'I hate it when somebody owns me money and does not pay. Bring me my money back from these people and you can keep your share. This action will trigger a combat.'),
    ('quest.6', 'cs', 'Znám bohužel pár lidí, kterým jsem poskytl své služby a dodnes nezaplatili. Jaké služby, to se tě netýká, a doufej, že je nebudeš potřebovat. Každopádně mi přines moje peníze zpět a část si z toho můžeš nechat. To je fér, ne? Tato akce vyústí v souboj.'),
    ('quest.7', 'en', 'One does not simply leave Atom’s cult! The initiates which left our community a few days back probably did not have this in their mind. Find them and bring them back. Violence permitted. This action will trigger a combat.'),
    ('quest.7', 'cs', 'Služba Atomovi je na celý život. Ti mladíci si to zřejmě neuvědomili, když nás před několika dny opustili. Už vědí příliš - najdi je a přiveď je zpět, klidně násilím.'),
    ('quest.8', 'en', 'I’ve heard about huge deposits of quality junk somewhere around the city. Locate these and bring me a specimen from every deposit.'),
    ('quest.8', 'cs', 'Slyšel jsem zvěsti o obřích nalezištích kvalitního šrotu nedaleko od města, ale ta místa znám jen přibližně. Když ti popíšu cestu, s tvými znalostmi Pustiny to jistě najdeš. Přines mi z každého naleziště pár vzorků a zakresli přesnou pozici do mapy. Bohatě tě odměním.'),
    ('quest.9', 'en', 'Do you see this component? I need you to produce a hundred of exactly the same. I will create a strong weapon with this little help in a few months. Right now, I can pay only in caps.'),
    ('quest.9', 'cs', 'Neumíte vyrobit sto těchto součástek? Je to docela jednoduché a jedné zručné osobě to zabere jen pár dní. Já jsem teď zrovna zaneprázdněn výrobou nové zbraně hromadného ničení a na přízemnosti nemám čas, raději vám za součástky zaplatím.'),
    ('quest.10', 'en', 'Look at this old-aged masterpiece! Somebody tore off a lot of junk from this, but after all, I figured out how I can repair this vehicle! I will gladly pay for a little help with its reparation.'),
    ('quest.10', 'cs', 'Pohleď na zachovalý pozůstatek starých časů! Někdo z toho oloupal hromadu šrotu, ale nakonec jsem přišel na to, jak to opravit, aby to zase jezdilo. Rád zaplatím za asistenci při opravě. '),
    ('quest.11', 'en', 'Can you help me searching for my lost relative? The people on this list may know something about him. You can look for them and ask whether they heard of him. Will you do this for me, please?'),
    ('quest.11', 'cs', 'Ty se ve světě docela vyznáš, že jo? Hledám svého ztraceného příbuzného, prý jsme z jedné rodiny ještě z doby před tím, než to bouchlo. Nevím, kde bydlí, ale vím, kdo by věděl... Dokážeš je najít podle informací na tomto seznamu a zeptat se jich, kde bych našel svého příbuzného?'),
    ('quest.12', 'en', 'Please help me to find exactly the same device like this one. If I had a lot of these, I could finally create my own race of atomic monsters... radioactive supermen... that feast on the flesh of the living... heh!'),
    ('quest.12', 'cs', 'Potřebuju trochu píchnout. V Pustině lze najít přesně takovéhle zařízení, nejspíš někde poblíž zbytků starých elektráren. Samo o sobě to nic nedělá, takže si klidně to moje vezmi. Když jich budu mít dostatek, konečně si splním svůj sen o vlastní rase atomových monster... (začíná mumlat) Budou mít osmihranné tělo, sát krev, a... (podivný stařec, stále mumlaje, odchází opodál, ale vypadá, že ti skutečně výměnou za ty věcičky dá dostatek zátek).'),
    ('quest.13', 'en', 'Are you looking for a“strong muscles, no questions” kind of job? I need you to persuade my former co-workers... No, of course you don’t need to kill them! But you can, if you wish. This action will trigger a combat.'),
    ('quest.13', 'cs', 'Hledáš práci pro tvé velké svaly a nabízíš málo otázek? Mám tady pár lidí, které je třeba přivést k rozumu... Ne, nemusíš je vůbec zabíjet. Ale vadit to nebude. Tato akce vyústí v souboj.'),
    ('quest.14', 'en', 'I’m going to write a book about living in The Wasteland. Can you teach me how to survive out there? I want to comprehend its every aspect.'),
    ('quest.14', 'cs', 'Ty se ve světě dost vyznáš, že jo? Chtěl bych napsat knihu o životě v Pustině, mezi klany a tak. Nauč mě něco o přežití tam venku. Chci tomu zcela porozumět... ');

-- Random encounters
INSERT INTO encounters(location, encounter_type, reward_type, penalty_type, difficulty, description_text, success_text, failure_text) VALUES
    ('WASTELAND', 'COMBAT', 'ITEM', 'NONE', 4, 'encounter.w.1.desc', 'encounter.w.1.succ', 'encounter.w.1.fail'),
    ('WASTELAND', 'COMBAT', 'CAPS', 'NONE', 4, 'encounter.w.2.desc', 'encounter.w.2.succ', 'encounter.w.2.fail'),
    ('WASTELAND', 'COMBAT', 'JUNK', 'NONE', 5, 'encounter.w.3.desc', 'encounter.w.3.succ', 'encounter.w.3.fail'),
    ('WASTELAND', 'COMBAT', 'JUNK', 'NONE', 4, 'encounter.w.4.desc', 'encounter.w.4.succ', 'encounter.w.4.fail'),
    ('WASTELAND', 'INTELLECT', 'JUNK', 'CAPS', 7, 'encounter.w.5.desc', 'encounter.w.5.succ', 'encounter.w.5.fail'),
    ('WASTELAND', 'COMBAT', 'ITEM', 'NONE', 3, 'encounter.w.6.desc', 'encounter.w.6.succ', 'encounter.w.6.fail'),
    ('WASTELAND', 'INTELLECT', 'CAPS', 'CAPS', 6, 'encounter.w.7.desc', 'encounter.w.7.succ', 'encounter.w.7.fail'),
    ('WASTELAND', 'INTELLECT', 'JUNK', 'INJURY', 6, 'encounter.w.8.desc', 'encounter.w.8.succ', 'encounter.w.8.fail'),
    ('WASTELAND', 'INTELLECT', 'ITEM', 'NONE', 8, 'encounter.w.9.desc', 'encounter.w.9.succ', 'encounter.w.9.fail'),
    ('WASTELAND', 'INTELLECT', 'CAPS', 'NONE', 7, 'encounter.w.10.desc', 'encounter.w.10.succ', 'encounter.w.10.fail'),
    ('WASTELAND', 'SCAVENGE', 'CAPS', 'NONE', 8, 'encounter.w.11.desc', 'encounter.w.11.succ', 'encounter.w.11.fail'),
    ('WASTELAND', 'INTELLECT', 'INFORMATION', 'INJURY', 7, 'encounter.w.12.desc', 'encounter.w.12.succ', 'encounter.w.12.fail'),
    ('WASTELAND', 'INTELLECT', 'INFORMATION', 'INJURY', 5, 'encounter.w.13.desc', 'encounter.w.13.succ', 'encounter.w.13.fail'),
    ('WASTELAND', 'CRAFTSMANSHIP', 'INFORMATION', 'INJURY', 6, 'encounter.w.14.desc', 'encounter.w.14.succ', 'encounter.w.14.fail'),
    ('CITY_CENTER', 'COMBAT', 'JUNK', 'CAPS', 4, 'encounter.c.1.desc', 'encounter.c.1.succ', 'encounter.c.1.fail'),
    ('CITY_CENTER', 'COMBAT', 'CAPS', 'CAPS', 5, 'encounter.c.2.desc', 'encounter.c.2.succ', 'encounter.c.2.fail'),
    ('CITY_CENTER', 'COMBAT', 'ITEM', 'CAPS', 6, 'encounter.c.3.desc', 'encounter.c.3.succ', 'encounter.c.3.fail'),
    ('CITY_CENTER', 'INTELLECT', 'JUNK', 'NONE', 7, 'encounter.c.4.desc', 'encounter.c.4.succ', 'encounter.c.4.fail'),
    ('CITY_CENTER', 'INTELLECT', 'ITEM', 'INJURY', 8, 'encounter.c.5.desc', 'encounter.c.5.succ', 'encounter.c.5.fail'),
    ('CITY_CENTER', 'COMBAT_ROLL', 'INFORMATION', 'INJURY', 8, 'encounter.c.6.desc', 'encounter.c.6.succ', 'encounter.c.6.fail'),
    ('CITY_CENTER', 'INTELLECT', 'INFORMATION', 'INJURY', 7, 'encounter.c.7.desc', 'encounter.c.7.succ', 'encounter.c.7.fail'),
    ('CITY_CENTER', 'SCAVENGE', 'CAPS', 'CAPS', 7, 'encounter.c.8.desc', 'encounter.c.8.succ', 'encounter.c.8.fail'),
    ('CITY_CENTER', 'CRAFTSMANSHIP', 'CAPS', 'CAPS', 6, 'encounter.c.9.desc', 'encounter.c.9.succ', 'encounter.c.9.fail'),
    ('CITY_CENTER', 'INTELLECT', 'CAPS', 'CAPS', 6, 'encounter.c.10.desc', 'encounter.c.10.succ', 'encounter.c.10.fail');

INSERT INTO placeholder_texts(code, lang, text) VALUES
    ('encounter.w.1.desc', 'en', 'Character was attacked by mutants while scavenging in the ruins of a wasteland village.'),
    ('encounter.w.1.desc', 'cs', 'V průběhu prohledávání trosek opuštěné vesnice postavu napadli mutanti.'),
    ('encounter.w.1.succ', 'en', 'Character managed to repel the attackers and collect some of their dropped belongigs.'),
    ('encounter.w.1.succ', 'cs', 'Postava zahnala útočníky na bezhlavý útěk, při němž raději zahodili část svého majetku.'),
    ('encounter.w.1.fail', 'en', 'Character was wounded during the combat and had to flee without having collected anything.'),
    ('encounter.w.1.fail', 'cs', 'V souboji byla postava zraněna a musela utéci, aniž by se jí podařilo cokoliv získat.'),
    ('encounter.w.2.desc', 'en', 'Character was attacked by bandits while scavenging in wasteland.'),
    ('encounter.w.2.desc', 'cs', 'Při cestě pustinou se postava dostala do spárů lapků.'),
    ('encounter.w.2.succ', 'en', 'Character managed to overcome the opponents and stole some caps from one of the fleeing bandits.'),
    ('encounter.w.2.succ', 'cs', 'Postavě se podařilo přemoci překvapené lupiče. Pro spásu svých bídných životů raději nechali postavě několik zátek.'),
    ('encounter.w.2.fail', 'en', 'Character was wounded during the combat and had to flee without having collected anything.'),
    ('encounter.w.2.fail', 'cs', 'V souboji byla postava zraněna a musela utéci, aniž by se jí podařilo cokoliv získat.'),
    ('encounter.w.3.desc', 'en', 'Character was suddenly surprised by a wandering mutated wolf during the exploration of wasteland.'),
    ('encounter.w.3.desc', 'cs', 'Postavu v průběhu prohlídky pustiny náhle překvapil toulavý zmutovaný vlk.'),
    ('encounter.w.3.succ', 'en', 'Character overcame the beast after a short combat and managed to collect some junk on the way back.'),
    ('encounter.w.3.succ', 'cs', 'Postava po krátkém boji zvíře přemohla. Na cestě zpět získala trochu šrotu.'),
    ('encounter.w.3.fail', 'en', 'Character was wounded during the combat and had run back home without having collected anything.'),
    ('encounter.w.3.fail', 'cs', 'V souboji byla postava zraněna a musela utéci, aniž by se jí podařilo cokoliv získat.'),
    ('encounter.w.4.desc', 'en', 'Character was attacked by a mutated cow after passing through an open field.'),
    ('encounter.w.4.desc', 'cs', 'Uprostřed polí napadla postavu zmutovaná kráva. Dvouhlavá, šílená, zřejmě se jmenuje Brahmína.'),
    ('encounter.w.4.succ', 'en', 'Character overcame the beast during the combat and managed to find some junk in the junkyard next to the field.'),
    ('encounter.w.4.succ', 'cs', 'Postava zvíře skolila v souboji. Maso a kůže ze zmutované krávy je nepoužitelné, ale její čtyři výstavní rohy a kopyta se budou ještě hodit.'),
    ('encounter.w.4.fail', 'en', 'Character was wounded during the combat and had run back home without having collected anything.'),
    ('encounter.w.4.fail', 'cs', 'V souboji byla postava zraněna a musela utéci, aniž by se jí podařilo cokoliv získat.'),
    ('encounter.w.5.desc', 'en', 'Character saw a wounded woman in the middle of the road, crying for help.'),
    ('encounter.w.5.desc', 'cs', 'Postava uprostřed cesty spatřila zraněnou ženu prosící o pomoc.'),
    ('encounter.w.5.succ', 'en', 'After stepping a bit closer, the blood on the road did not seem very real and something was moving in the shadows. Our hero avoided this trap and went to collect some junk elsewhere.'),
    ('encounter.w.5.succ', 'cs', 'Postavu zarazilo, že krev na cestě byla příliš zaschlá a neodpovídala zraněním neznámé ženy. V ten moment se stíny v zákoutí u cesty podezřele pohnuly. Postava toto ochotnické představení proto opatrně obešla a šla sbírat šrot někam, kde takovými amatéry nebude rušena.'),
    ('encounter.w.5.fail', 'en', 'After kneeling next to the woman, something stepped out from the nearby shadows and hit our hero in the head. After regaining consciousness, some caps were found missing from the carried bag.'),
    ('encounter.w.5.fail', 'cs', 'Postava důvěřivě poklekla k neznámé ženě, poté však z blízkého zákoutí něco vyběhlo a udeřilo postavu do hlavy. Postava se probrala s pořádnou bolestí hlavy a ochuzena o několik zátek.'),
    ('encounter.w.6.desc', 'en', 'A hidden shelter was found and it seemed abandoned on the first glance. Our character started exploring the hideout but was suddenly attacked by an old man who was apparently living there.'),
    ('encounter.w.6.desc', 'cs', 'Postava nalezla úkryt, který se jevil jako opuštěný, a začala jej prohledávat. Ve skrýši však zřejmě žil jakýsi stařec, který se náhle rozhodl bránit svůj domov.'),
    ('encounter.w.6.succ', 'en', 'Character overcame the inhabitant and took some of his belongings. This is no land for the weak.'),
    ('encounter.w.6.succ', 'cs', 'Postava vyhnala starce z jeho domova a vzala si jeho věci. Asi se sem vrátí, ale bez svého vybavení moc dlouho nepřežije… ale co, tahle země není pro slabé.'),
    ('encounter.w.6.fail', 'en', 'The man turned out to be quite dangerous and our character was wounded during the combat.'),
    ('encounter.w.6.fail', 'cs', 'Stařec se ukázal jako vcelku nebezpečný a zranil postavu v souboji.'),
    ('encounter.w.7.desc', 'en', 'Character encountered a group of merchants and was invited by them for a game of dice poker.'),
    ('encounter.w.7.desc', 'cs', 'Postava potkala skupinu překupníků, kteří jí nabídli partii kostek.'),
    ('encounter.w.7.succ', 'en', 'After playing couple of games, our hero managed to outsmart the other players and left with some additional caps.'),
    ('encounter.w.7.succ', 'cs', 'Po několika hrách se soupeři nechali obrat o několik zátek.'),
    ('encounter.w.7.fail', 'en', 'Character lost couple of games and returned home with nothing.'),
    ('encounter.w.7.fail', 'cs', 'Po několika hrách se postava musela vrátit domů s holým zadkem.'),
    ('encounter.w.8.desc', 'en', 'The wind picked up speed during the exploration of wasteland. Soon enough, blizzard broke out and forced our hero to run for a shelter.'),
    ('encounter.w.8.desc', 'cs', 'Během průzkumu pustiny se začal zvedat vítr. Vánice donutila postavu urychleně hledat přístřeší.'),
    ('encounter.w.8.succ', 'en', 'Character managed to dig a small hole and hid in it until the blizzard passed. Some junk was collected on the way back.'),
    ('encounter.w.8.succ', 'cs', 'Postava vykopala jámu a schovala se v ní, dokud bouře nepřešla. Cestou zpět našla méně šťastné cestovatele. Nebo spíš jejich kusy… ten šrot, který měli u sebe, už jistě nebudou potřebovat...'),
    ('encounter.w.8.fail', 'en', 'Character tried to run to the nearby forest to hide under a tree but was hit by one of the falling branches.'),
    ('encounter.w.8.fail', 'cs', 'Postava se pokusila schovat pod stromy v blízkém lese, ale za tento jalový nápad byla potrestána zásahem jedné z padajících větví.'),
    ('encounter.w.9.desc', 'en', 'Character discovered a closed heavy metal chest in one of the abandonded hideouts. It was locked with something that looked like some kind of strange home-made mechanism.'),
    ('encounter.w.9.desc', 'cs', 'Postava v jedné opuštěné skrýši nalezla těžkou kovovou truhlu. Byla opatřena podivným podomácku vyrobeným zámkem.'),
    ('encounter.w.9.succ', 'en', 'Character spent couple of hours with the chest and managed to open the lock. An item! Nice...'),
    ('encounter.w.9.succ', 'cs', 'Tady hrubá síla nebyla nic platná. Po několika hodinách jemné mechanické práce se podařilo zámek otevřít. A uvnitř - předmět! A moc pěkný...'),
    ('encounter.w.9.fail', 'en', 'Character spent couple of hours trying to open or break the mechanism but was not able to get inside.'),
    ('encounter.w.9.fail', 'cs', 'Po několika minutách pokusu o jemnou mechanickou práci postava změnila taktiku. Ale ani po několika dalších hodinách tvůrčího násilí nebylo možné truhlu otevřít.'),
    ('encounter.w.10.desc', 'en', 'It seems that water is quickly disappearing from this area. As well as life from that wastelander who is lying near the dried up water well. He can’t walk or speak, but he is still alive.'),
    ('encounter.w.10.desc', 'cs', 'Postava se asi příliš vzdálila od obyvatelných oblastí - v průběhu posledních hodin putování Pustinou nenarazila na žádný zdroj vody. Zásoby vody jsou již pryč a postava začíná žíznit. Z těchto míst život asi již nadobro mizí. Stejně jako z toho vandráka, který zalehl u vyschlé strouhy a čeká na svou poslední hodinu, neschopen chodit ani mluvit. Nebo mu je ještě pomoci? '),
    ('encounter.w.10.succ', 'en', 'The character successfully extracted some water from the soil and plants nearby and gave it to the wastelander. He was able to walk once again. It looked out that he had a shelter nearby, so as a thanks he offered the character some of his stock. Quite a lot.'),
    ('encounter.w.10.succ', 'cs', 'Postavě se podařilo dostat vláhu z půdy a odpařit trochu vlhkosti z nasekaných rostlin - ani nebylo potřeba využít močového recyklátu. Nebylo to moc, ale vandráka to dostalo na nohy. Ukázalo se, že docela nedaleko měl pod zemí ukryté zásoby, jen to k nim málem nestihl... Vandrák se z vděčnosti o své poklady s postavou podělil. Dokonce postavu vybavil dostatkem vody na cestu domů. '),
    ('encounter.w.10.fail', 'en', 'The laying wanderer died after a while. The character found out there is no water so there is no point hanging around. The character was terribly thirsty, but - unlike the ex-wanderer - stayed alive.'),
    ('encounter.w.10.fail', 'cs', 'Poblíž žádná voda prostě není. Postava se - samozřejmě po prohledání mrtvoly, která u sebe neměla nic cenného - rychle vydala na cestu zpět. Sice několik hodin žíznila, ale narozdíl od toho vandráka přežila.'),
    ('encounter.w.11.desc', 'en', 'The character met a confused wanderer. He said his shelter was somewhere nearby but he couldn’t find it. Perhaps, the shelter could be found by following the description...'),
    ('encounter.w.11.desc', 'cs', 'Postava se už vracela domů, když na cestě potkala zmateného ztraceného člověka. Prý má někde poblíž svůj kryt a nemůže ho najít. Dle popisu postava možná i tuší, kde by to tak mohlo být...'),
    ('encounter.w.11.succ', 'en', 'The description was correct, the character really found the shelter and received a nice reward from the lost wastelander.'),
    ('encounter.w.11.succ', 'cs', 'Popis seděl, postava skutečně úkryt našla. Za svou pomoc dostala zaslouženou odměnu.'),
    ('encounter.w.11.fail', 'en', 'The character spent a few hours searching for the shelter. Unfortunately, the search wasn‘t successful.'),
    ('encounter.w.11.fail', 'cs', 'Postava společně s cizincem několik hodin pobíhala marně po okolí, dokud neztratila trpělivost a ani přes příslib velké odměny svého počínání nezanechala. Cizinec pokračoval v hledání, zřejmě hledá dodnes. Dobře mu tak, postava kvůli němu do klanu nepřinesla nic užitečného.'),
    ('encounter.w.12.desc', 'en', 'The character found an encampment full of dangerous rogues and scoundrels. It looks like they are planning something huge. It would be helpful to find out what is going on.'),
    ('encounter.w.12.desc', 'cs', 'Postava náhodou objevila tábor plný nebezpečných ničemů. O jejich působení se traduje několik nepěkných historek. Vyrážejí pravidelně přepadávat široké okolí a zřejmě mají nějaké plány do budoucna. Jeden člověk s nimi sotva něco zmůže, ale kdyby někdo potají zjistil jejich plány, bylo by to užitečné.'),
    ('encounter.w.12.succ', 'en', 'The character was able to secretly overhear an important conversation inside the camp and found out some interesting information.'),
    ('encounter.w.12.succ', 'cs', 'Postava, nikým nespatřena, vyslechla několik důležitých rozhovorů. Zjistila tak zajímavé informace.'),
    ('encounter.w.12.fail', 'en', 'Unfortunately, there was a guard nearby. The character caught his attention and has to hope for a quick fight and run away.'),
    ('encounter.w.12.fail', 'cs', 'Postava na sebe upoutala nechtěnou pozornost strážného, který ji ihned napadl. S trochou štěstí se postavě podaří strážného zahnat na útěk a dostat se v klidu domů.'),
    ('encounter.w.13.desc', 'en', 'Several odd-looking wastelanders were harassing a lone traveller. It was obvious he had nothing of value. The attackers were annoyed of his poverty. It seems they will not leave without bloodshed. Suddenly they spotted incoming character.'),
    ('encounter.w.13.desc', 'cs', 'Několik slabě, ale odhodlaně vypadajících vandráků dotíralo na jediného pocestného. Ten vypadal, že jeho jedinou obranou je chudoba - zjevně u sebe neměl nic zajímavého. Útočníci z toho byli dost rozladěni a nevypadali, že by odešli bez krveprolití. Pak si všimli právě příchozí postavy...'),
    ('encounter.w.13.succ', 'en', 'The character confidently started to play the role of a local peacekeeper and started to investigate the incident. The wastelanders were convinced to withdraw. The stranger travelled with the character for a while. The character learned a lot about the life in the Wasteland.'),
    ('encounter.w.13.succ', 'cs', 'Postava se sebevědomě prohlásila za místního ochránce pořádku a jala se incident vyšetřovat. Na vandráky to zapůsobilo. Nebo jen pochopili, že nemají co získat. Každopádně se rychle sebrali a zmizeli. Cizinec pak s postavou chvíli cestoval a podělil o své velké zkušenosti z Pustiny. Díky tomu se postava dozvěděla mnoho zajímavých informací.'),
    ('encounter.w.13.fail', 'en', 'The character was not able to behave properly. The wastelanders panicked. One of them quickly killed the stranger with a sharpened stick and attacked the character. He will surely run after a few hits, but that won’t help the dead stranger, anyway. '),
    ('encounter.w.13.fail', 'cs', 'Postava na situaci nedovedla správně zareagovat. Otrhanci zpanikařili. Jeden z nich chudáka rychle propíchl naostřeným klackem a vrhl se do nového boje. Když mu postava dá několik zasloužených ran, dají se jistě na útěk, ale tomu cizinci to život už nevrátí.'),
    ('encounter.w.14.desc', 'en', 'The character met a man with a huge, smoking, damaged vehicle. It did not seem he was going with it anywhere anytime soon. The stranger probably needs some help with repairing..'),
    ('encounter.w.14.desc', 'cs', 'Na cestě postava potkala cizince s nějakým velkým, čoudícím, porouchaným zařízením. Zřejmě se jedná o nějaké vozidlo, které by mělo umět samo jezdit, ale zrovna přestalo. Cizinec se přehrabuje ve vnitřnostech stroje a nejspíš potřebuje pomoci. '),
    ('encounter.w.14.succ', 'en', 'The character has never seen such a vehicle before. Thanks to the knowledge of mechanics ourcharacter knew what to do. The driver was grateful and offered to take the character for a ride across the Wasteland. The character was able to learn lot more compared to travelling by foot.'),
    ('encounter.w.14.succ', 'cs', 'Ačkoliv postava toto zařízení neznala, díky svým znalostem mechaniky přesně věděla, kde se má co opravit. Funguje to a jede, to je zázrak! Postava se nechala po zbytek dne vozit pustinou, díky čemuž se o Pustině dozvěděla mnohem více, než kdyby šla pěšky. Domů se vrátila s vozem naloženým hodnotnými surovinami.'),
    ('encounter.w.14.fail', 'en', 'The character agreed to repair the vehicle. It just needed to pull the lever here, fix the cabel there, and… whoops, the engine is on fire now... The stranger tried to put out the fire, the fire burnt him terribly. Our character suffered burns as well.'),
    ('encounter.w.14.fail', 'cs', 'Postava se zkušeným okem podívala na neznámé zařízení, zatáhla za páčku tady, vytáhla kabel támhle, a… poté podivná věc náhle vzplanula mocným čoudivým tmavým plamenem. Cizinec se oheň pokusil uhasit, bohužel vzplanul také. Postava si z toho odnesla popáleniny a mírný pocit zodpovědnosti za zmařený lidský život a za to, že pravděpodobně převratný vynález upadl do zapomnění.'),
    ('encounter.c.1.desc', 'en', 'Character was attacked by a mutated cat while roaming through the abandoned streets of the city ruins.'),
    ('encounter.c.1.desc', 'cs', 'Postavu při toulkách opuštěnými ulicemi napadla zmutovaná kočka. Vřískající a škrábající sakra rychlé malé černé cosi.'),
    ('encounter.c.1.succ', 'en', 'Character managed to kill the feline and collected some junk on the way back home.'),
    ('encounter.c.1.succ', 'cs', 'Postavě se podařilo tu kočkosvini zabít a posbírat cestou domů trochu šrotu.'),
    ('encounter.c.1.fail', 'en', 'Character was wounded during the combat.'),
    ('encounter.c.1.fail', 'cs', 'Postava si ze souboje odnesla několik hrozivě vypadajících škrábanců.'),
    ('encounter.c.2.desc', 'en', 'Character was attacked by a mutated dog while roaming through the abandoned streets of the city ruins.'),
    ('encounter.c.2.desc', 'cs', 'Postavu při toulkách opuštěnými ulicemi napadl zmutovaný pes. Má sice jen jednu hlavu, ta je ale odpudivá za dvě.'),
    ('encounter.c.2.succ', 'en', 'Character managed to kill the beast and sell it in the city market for meat.'),
    ('encounter.c.2.succ', 'cs', 'Postavě se podařilo obludu zabít a prodat ji na blízkém trhu na maso. Místní zřejmě ocení novou mutaci svých chuťových pohárků.'),
    ('encounter.c.2.fail', 'en', 'Character was wounded during the combat. The wound got infected and required buing a desinfection in the city market.'),
    ('encounter.c.2.fail', 'cs', 'Netvor postavu ošklivě pokousal. Rána se rychle zanítila a tak bylo nezbytné na městském trhu koupit předraženou dezinfekci.'),
    ('encounter.c.3.desc', 'en', 'Character met a junkie while searching in the streets of the city. The junkie asked for some caps and, after being rejected, pulled out a knife.'),
    ('encounter.c.3.desc', 'cs', 'Při průzkumu města postava potkala pochybnou smažku. Feťák obhrouble požádal o několika zátek a poté, co je nedostal, vytáhl nůž.'),
    ('encounter.c.3.succ', 'en', 'Character overcame the attacker and took the gear he was carrying.'),
    ('encounter.c.3.succ', 'cs', 'Postava porazila útočníka a obrala jej o vybavení, které měl u sebe.'),
    ('encounter.c.3.fail', 'en', 'Character was wounded during the combat. The wound got infected and required buing a desinfection in the city market.'),
    ('encounter.c.3.fail', 'cs', 'Feťák postavu pořezal nožem. Rána se zanítila a tak bylo nutné na městském trhu koupit dezinfekci.'),
    ('encounter.c.4.desc', 'en', 'A priest in a torn cape was met while roaming the city streets. The priest asked if our hero believed in the cult of the Atom.'),
    ('encounter.c.4.desc', 'cs', 'V průběhu toulky ulicemi postavu oslovil kněz v otrhané kápi. Otevřeně se zeptal, zda postava uznává Atomův kult.'),
    ('encounter.c.4.succ', 'en', 'Character nodded, knowing that rejection might turn out to be dangerous when speaking with fanatics. The priest said a blessing and some some junk was collected on the way back.'),
    ('encounter.c.4.succ', 'cs', 'Postava raději přikývla, protože fanatici mohou být nebezpeční. Spokojený kněz postavě požehnal. Vzápětí nalezla několik kusů cenného šrotu. Náhoda?'),
    ('encounter.c.4.fail', 'en', 'Character did not know anything about such cult so cursed and tried to leave the strange man behind. Maybe it was just a strange coincidence, but nothing was found that day.'),
    ('encounter.c.4.fail', 'cs', 'Postava nikoho takového neznala a tak raději cizince rychle opustila. Kněz zřejmě nebyl potěšen a postavu z dálky proklel. Možná je to jen náhoda, ale ten den postava nenalezla vůbec nic cenného ani zajímavého.'),
    ('encounter.c.5.desc', 'en', 'This house looks pretty unexceptional, but for some reason is guarded by two guards in torn capes. We need everything which is inside! What about to wait, maybe we can sneak inside...'),
    ('encounter.c.5.desc', 'cs', 'Ten dům není na pohled ničím zajímavý, ale z nějakého důvodu u něj neustále stojí dvojice strážných v otrhaných kápích. Ať je uvnitř cokoliv, určitě to potřebujeme! Co takhle tu chvíli počkat, třeba půjde jít dovnitř bez boje...'),
    ('encounter.c.5.succ', 'en', 'Hiding in shadows payed off! The character found out that the building is probably a vault of worshippers of Atom and that everyone who knows the password “IDDQD” will be allowed to enter. The guard respectfully greeted the character and permitted to take a few interesting belongings.'),
    ('encounter.c.5.succ', 'cs', 'Vyčkávání ve stínu se vyplatilo. Postava zjistila, že se zřejmě jedná o vault uctívačů Atoma a dovnitř se kdokoliv dostane pomocí hesla “IDDQD”. Stráž postavu následně uctivě pozdravila a dovolila vynést z vaultu několik zajímavých věcí.'),
    ('encounter.c.5.fail', 'en', '”Hey, you!” The individuals in capes were not friendly at all when they spotted the character in a shadow. All of sudden, there was really a lot of them, so they beated the character slightly and took his caps.'),
    ('encounter.c.5.fail', 'cs', '“Co tady očumuješ?” Otrhanci v kápích nebyli moc přátelští, když si všimli postavy ve stínu. Z okolí se jich seběhlo hodně, tudíž postavě nadělili zasloužený průplesk a sebrali jí trochu zátek.'),
    ('encounter.c.6.desc', 'en', 'A new tavern in the city? And it’s called Cantina Band... Well, it does not look much safe in there. Some strange musicians are playing inside and all the people look pretty happy (and stoned as well), but some other guys are evidently picking a quarrel. Look, somebody get killed right now over there! Oh, here it comes, a couple of really disgusting men told you they hate you. '),
    ('encounter.c.6.desc', 'cs', 'Postava natrefila na nově otevřenou putyku jménem “Cantina band”. Nevypadá to jako moc bezpečné místo - sice v pozadí hrají muzikanti veselé melodie na divné dechové nástroje a všude se to hemží šťastnými existencemi popíjejícími zjevně omamné substance, ale na některých místech probíhají i hádky a vyřizování účtů. “Hej, mutanty neobsluhujeme!”, vyhání barman jednoho z hostů, který vypadá jen o něco divněji než ostatní. Postava si objedná na baru pití a doufá, že zjistí nějaké zajímavé informace. Zatímco čeká na baru, přihlíží, jak opodál někdo někoho mezi řečí zastřelil. Postavě náhle zaklepe na rameno nějaký hnusák: “Tady muj kámo tě nemá rád. A já tě taky nemám rád!” Ty dva asi nepůjde jen tak odbýt...'),
    ('encounter.c.6.succ', 'en', 'The only way how to deal with them was cutting off a hand of one of the men. And it worked, the second one ran away! After this incident the character fitted into local society quite easily, and found out interesting information. Although, it seems that it will be better not to visit this place ever again. '),
    ('encounter.c.6.succ', 'cs', 'Nezbývá, než jednomu z hnusáků useknout ruku na stole se povalující sekáčkem na maso a druhého šokem zahnat. Díky tomuto vystoupení postava snadno zapadla mezi místní kolorit, díky čemuž zjistila zajímavé informace. Přesto má postava pocit, že sem už raději nikdy nepůjde. '),
    ('encounter.c.6.fail', 'en', 'The couple gave the character a few slaps and threw him/her out of the tavern.'),
    ('encounter.c.6.fail', 'cs', 'Postava dostala pár facek a nechala se vypoklonkovat z hospody. Tak tady tu michelinskou hvězdu asi nedostanou...'),
    ('encounter.c.7.desc', 'en', 'There was a meeting of locals in the city, probably a members of Atom’s cult. They discussed news in the city. It seemed that they really hate Wastelanders, because we are only stealing their food and junk (which is actually correct). But it would be useful to find out what are these people planning in Withergate.'),
    ('encounter.c.7.desc', 'cs', 'Na volném prostranství se začalo shromažďovat větší množství místních obyvatel. Dle oděvů se jedná o přívržence Atomova náboženství a zřejmě rokovali o novinkách ve městě. Sice ti lidé okolo evidentně neskrývají své antipatie k obyvatelům Pustiny, protože jim prý pořád jen krademe šrot a jídlo (jo, to mají pravdu), ale možná by se nám hodilo vědět, co nového plánují ve Withergate.'),
    ('encounter.c.7.succ', 'en', 'The character successfully infiltrated the meeting and found out interesting information.'),
    ('encounter.c.7.succ', 'cs', 'Postava se snažila vypadat co nejvíce nenápadně a nijak na sebe neupozorňovat. Vhodně položenými dotazy zjistila postava zajímavé informace. '),
    ('encounter.c.7.fail', 'en', 'It was not probably the best idea to try a public defence of our clan. The character was vehemently recommended to leave the city. Regrettably, the mob instead of strong arguments used strong baseball bats.'),
    ('encounter.c.7.fail', 'cs', 'Asi nebyl dobrý nápad tady zkusit veřejnou obhajobu našeho klanu. Postavě bylo důrazně doporučeno, aby táhla zpátky do pustiny. Bohužel dav namísto pádných argumentů použil pádné hole.'),
    ('encounter.c.8.desc', 'en', 'One of the houses in the city looked quited unpillaged...'),
    ('encounter.c.8.desc', 'cs', 'Ten dům vypadal docela nevypleněně a skoro stabilně...'),
    ('encounter.c.8.succ', 'en', 'But it can collapse anytime soon! The character searched the house carefully and found a few valuables that haven’t been discovered by the marauders yet.'),
    ('encounter.c.8.succ', 'cs', 'Při bližším pohledu se ukázalo, že stačí trochu silněji proběhnout po schodech a zřítí se celá střecha. Postava dům velice opatrně prohledala a našla několik pěkných cenností, které zatím odolaly ostatním plenitelům.'),
    ('encounter.c.8.fail', 'en', 'It was not stable at all. The building collapsed when the character was inside looking for valuables. The character was lucky and escaped without injury. But outside was an officer who fined the character, because it is probably against the law when you destroy somebody’s building.'),
    ('encounter.c.8.fail', 'cs', 'Ale moc stabilní nebyl. Ve snaze najít pár cenností postava poškodila statiku domu a zřítila se celá střecha. Postava se naštěstí dostala ven bez větších zranění. Venku se však seběhlo několik lidí. Jeden z nich, oblečený do uniformy, postavu ihned zkásl o nějakou vylhanou pokutu, prý za rozkrádání majetku ve Withergateském vlastnictví.'),
    ('encounter.c.9.desc', 'en', 'The locals are playing some sort of a game in the streets. One man moves with three shells and the player has to guess the one hiding a small cogwheel. Left, middle or right?'),
    ('encounter.c.9.desc', 'cs', 'Místní obyvatelé, když zrovna nebijou cizince, tráví svůj volný čas různě. Někdy i podivnými hrami na ulici. Tady například nějaký přátelský pán nabízí zábavu a k tomu i snadno vydělané zátky. Stačí uhodnout, pod kterou ze tří nádob od vyjetého oleje schoval malé ozubené kolo. “Vidíte kolečko? Dávám ho sem. Teď kelímky zamíchám. Doleva, doprava, zpátky, do středu, zase doprava, tak… Vidíte kolečko? A raději ještě zamíchám. Tak, a kdepak je kolečko teď?” Hromada čumilů vsází a pokládá své zátky k jedné ze tří nádob. “Á, tady bylo kolečko! Gratuluji, madam!” Vítězové se radují, poražení nadávají, ale jdou si vsadit znovu. “Vy tam, pojďte si taky zahrát!”'),
    ('encounter.c.9.succ', 'en', 'The character know that the trick of the game is somewhere else… Yes, there is a accomplice of the shellgamer who steals in the mob... The character publicly accused the shellgamer of cheating. The bystanding officers in uniform was interested in this, and quickly sentenced the cheaters to public beating. The officers also confiscated their property a part of it gave back to the cheated persons. Also the character received a part of this dirty money. '),
    ('encounter.c.9.succ', 'cs', 'Postava celkem snadno několikrát vyhrávala, až podezřele snadno. Postava si proto více začala všímat svého okolí, až zahlédla skořápkářova komplice, který v davu nerušeně okrádal přihlížející. Skořápkář to asi zaznamenal, protože se začal rychle pakovat. “Á, tamhle jdou oficíři, rychle pryč!” Postava však reagovala rázně, rychle obvinila skořápkáře z podvodu a společně s několika přihlížejícími povedenou dvojici zajistili. Oficíři v uniformě na místě povedenou dvojici zbili a zkonfiskovali jim veškerý majetek. Část z něj rozdali lidu. Postava si za svou činnost vysloužila lví podíl. Instantní spravedlnost v praxi!'),
    ('encounter.c.9.fail', 'en', 'The character was succesful at the beginning, but later was not lucky at all. The character lost a few caps. But later the character found out there was probably a thief in the mob, because some other caps were missing too!'),
    ('encounter.c.9.fail', 'cs', 'Postava několikrát snadno vyhrála, ale pak se štěstí podezřele otočilo. Skořápkář se následně hry nabažil, rychle ji ukončil a zmizel v uličkách města. Cestou domů postava zjistila, že nejen že prohrála několik zátek, ale další zátky jí někdo v davu ukradl. Zbytek dne se postava snažila podvodníky najít, ale neúspěšně.'),
    ('encounter.c.10.desc', 'en', 'There was a sermon of Atom’s priest in the streets. It seems like Atom sets Withergate people against the Wastelanders. “Look, they are between us! One of the Wastelanders is standing there, ready for stealing our food and junk! Hey, yes you, why are you here?” The character started to defense...'),
    ('encounter.c.10.desc', 'cs', 'V jedné z ulic se několik lidí začalo připravovat na jakýsi rituál. Šlo zřejmě o kázání vedené knězem boha Atoma. Obyvatelé města nevypadají moc přátelsky, naopak to vypadá, že je Atom poštvává proti lidem z Pustiny. Původně to mělo být na téma “Atom jsi a v atom se obrátíš", ale pak se to nějak zvrhlo… “Podívejte, jsou už i mezi námi! Tamhle jeden stojí, připraven ukrást naše zásoby a rozebrat naše zásoby šrotu! Jo, ty, s tebou mluvím, co tady chceš, proč jsi přišel do města?” Postava se nadechla a zkusila se obhájit...'),
    ('encounter.c.10.succ', 'en', 'And with a huge success! The priest lost the favour of the crowd and changed quickly the topic of the sermon. One of the other Wastelanders in the crowd whispered thanks and gave the character a small reward for being brave.'),
    ('encounter.c.10.succ', 'cs', '...a byla úspěšná! Kněz ztratil přízeň davu a tak se raději vrátil k původnímu tématu. Jeden obyvatel Pustiny šeptem postavě velice poděkoval za to, že obhájila venkovní klany. “Je dobře, že ses nás všech zastal a promluvil za nás! Tady máš malou odměnu za svou odvahu.”'),
    ('encounter.c.10.fail', 'en', 'Without chance. The character wasn’t lynched, but it had to pay compulsory indulgences.'),
    ('encounter.c.10.fail', 'cs', 'Bez šance. Nedošlo sice k lynčování, ale postava nakonec musela “dobrovolně” věnovat milodary přímo do náruče církve.');

